,variable,feature_importance
0,age,0.05565837339142552
1,education,0.1796760937574183
2,educationNum,0.04584095404820766
3,married,0.38289668830789336
4,race,0.0041000702319683524
5,sex,0.009039051494434706
6,capitalGain,0.2009013837826361
7,capitalLoss,0.0774502408459982
8,hrPerWeek,0.0444371441400178
