,variable,feature_importance
0,age,0.05167102357080921
1,education,0.0368926932990004
2,educationNum,0.19147406815974094
3,married,0.39227754706242823
4,race,0.0023656142442781067
5,sex,0.007720207750306498
6,capitalGain,0.20504725178369798
7,capitalLoss,0.07465503918104928
8,hrPerWeek,0.03789655494868948
9,income,
